{"xi": 0.027566272487201858, "theta": 390.7267294932186}